"Gene","Silhouette","Dunn"
"AXL",0.216345090014054,3.95238095238095
"RB1",0.640877304887173,2
